cell,height,width,ink,foot
0,156,71,8339,328
1,156,75,7286,328
2,156,75,6693,328
3,156,74,7433,328
4,156,75,7812,328
5,156,75,7971,328
6,155,69,6305,327
7,156,75,7750,328
8,157,97,13396,327
9,157,97,13366,327
10,157,97,13406,327
11,157,97,13293,327
12,157,97,13338,327
13,157,97,13272,327
14,157,97,13396,327
15,157,97,13338,327
16,155,96,13105,327
17,155,96,13069,327
18,155,96,13117,327
19,155,96,13007,327
20,156,96,13050,328
21,155,96,12952,327
22,155,96,13105,327
23,156,96,13050,328
24,156,87,10837,328
25,156,89,11487,329
26,156,88,11263,329
27,156,88,11120,329
28,156,88,10757,329
29,156,88,10410,329
30,156,87,10837,328
31,156,88,10757,329
32,156,77,9192,327
33,156,76,9023,327
34,156,75,8840,327
35,156,79,9135,327
36,156,87,9099,327
37,156,87,8982,327
38,156,77,9192,327
39,156,87,9099,327
40,155,76,9041,327
41,155,75,8849,327
42,155,74,8699,327
43,155,78,8986,327
44,155,86,8953,327
45,155,86,8851,327
46,155,76,9041,327
47,155,86,8953,327
48,155,76,9073,327
49,155,75,8860,327
50,155,74,8702,327
51,155,78,9021,327
52,155,80,8809,327
53,155,86,8876,327
54,155,76,9073,327
55,155,80,8809,327
56,81,87,5215,327
57,80,91,4799,327
58,83,80,4072,327
59,75,86,4363,326
60,84,88,4498,326
61,77,91,3922,326
62,83,69,3630,327
63,72,80,3834,327
64,137,86,8074,327
65,97,72,5312,327
66,77,87,4742,327
67,85,81,4843,327
68,114,69,6269,327
69,85,75,4882,327
70,86,91,5186,327
71,88,84,5064,327
72,86,70,4048,327
73,86,91,3887,327
74,72,89,3992,326
75,84,89,4389,327
76,71,91,4398,327
77,97,72,4949,327
78,118,81,6001,327
79,115,80,5793,327
80,120,90,7181,327
81,129,91,7844,327
82,148,91,9126,327
83,145,84,8607,327
84,160,88,8329,327
85,129,91,8112,327
86,128,91,7366,327
87,138,84,8102,327
88,148,89,9115,327
89,150,85,7602,327
90,144,91,8177,327
91,149,82,8521,327
92,148,88,7935,327
93,130,91,8078,327
94,118,91,6483,327
95,147,81,7953,327
96,97,91,4950,327
97,75,91,4272,327
98,94,91,4706,327
99,110,90,5978,326
100,137,76,6950,326
101,138,77,7122,327
102,133,79,6700,326
103,116,78,4706,327
104,147,151,14253,329
105,204,137,15599,329
106,203,130,12907,329
107,203,153,15979,329
108,199,152,15141,329
109,184,155,15550,329
110,183,155,16164,329
111,182,144,16687,329
112,87,86,4852,327
113,120,81,5374,327
114,119,77,4472,326
115,120,90,5676,326
116,118,90,5278,327
117,109,90,5345,327
118,108,91,5557,327
119,107,83,5623,327
120,150,78,8142,327
121,148,87,8653,327
122,137,87,7553,327
123,134,87,7594,327
124,132,87,7056,327
125,136,87,6626,327
126,139,87,6933,327
127,149,82,8268,327
128,126,73,6064,327
129,123,87,6851,327
130,115,87,5043,326
131,161,87,8756,326
132,179,87,11286,327
133,110,87,5888,327
134,98,87,6305,326
135,126,74,6197,326
136,133,73,6413,327
137,128,73,6414,327
138,127,73,6721,327
139,128,73,7120,327
140,116,73,5297,327
141,114,73,6040,327
142,116,73,5461,327
143,133,72,6359,327
144,126,77,6505,326
145,128,83,7056,327
146,92,87,5163,326
147,101,87,4975,326
148,94,87,4965,327
149,100,87,5216,326
150,112,87,5788,327
151,126,72,5995,326
152,134,71,6780,326
153,82,71,4427,326
154,218,71,6122,328
155,218,71,6473,328
156,181,64,6965,327
157,138,71,6272,326
158,96,71,5038,326
159,203,71,6569,326
160,81,71,2702,327
161,134,65,3873,327
162,177,73,6437,326
163,182,74,8100,326
164,112,74,5413,327
165,216,69,6061,328
166,112,74,5591,327
167,146,72,3915,327
168,117,65,5083,326
169,116,71,5541,326
170,110,71,4713,326
171,121,71,4709,327
172,107,44,3150,327
173,202,52,4581,327
174,175,44,3294,326
175,116,60,4605,327
176,124,76,6261,327
177,82,75,4228,327
178,93,77,4620,327
179,110,80,4841,327
180,96,80,4391,326
181,91,80,4835,327
182,90,80,4451,327
183,123,75,6168,327
184,129,72,6830,327
185,123,72,5731,327
186,113,72,5847,326
187,97,72,4562,327
188,146,72,6712,327
189,144,72,7155,327
190,195,72,8542,328
191,122,71,6053,327
192,123,73,6375,326
193,126,73,6770,327
194,154,73,6645,327
195,142,59,5209,327
196,111,73,5641,327
197,120,73,5467,327
198,191,73,9948,327
199,123,71,6037,326
200,134,80,7056,327
201,128,87,6821,327
202,123,85,6548,327
203,110,87,6135,326
204,119,87,8691,326
205,100,87,5552,327
206,116,81,5760,326
207,131,82,6751,327
208,120,70,6047,326
209,121,70,6132,327
210,125,70,6368,326
211,114,70,5613,326
212,125,70,6171,326
213,155,70,6268,326
214,170,70,9298,327
215,116,70,5907,327
216,127,63,5276,327
217,129,63,5279,327
218,118,63,4871,327
219,97,63,4076,326
220,120,58,4484,327
221,86,61,3594,327
222,92,61,4062,328
223,110,62,4951,327
224,266,73,9175,326
225,265,74,8644,325
226,267,74,8705,326
227,266,75,7951,326
228,264,72,7811,326
229,266,70,7244,326
230,266,77,7329,326
231,264,77,8981,325
232,143,74,7435,327
233,113,74,6542,327
234,115,74,6342,326
235,114,74,6261,326
236,115,74,5202,326
237,178,74,7085,328
238,118,74,5966,327
239,143,74,7329,327
240,133,71,7100,327
241,134,71,7802,327
242,128,71,7210,327
243,111,71,5030,326
244,132,71,7464,327
245,133,71,5809,327
246,132,71,7055,327
247,132,71,6880,327
248,148,72,8844,327
249,208,72,10194,326
250,147,72,8173,327
251,144,72,5442,327
252,126,72,5344,327
253,140,72,7508,327
254,150,72,7710,327
255,144,72,8796,327
256,123,51,4911,327
257,108,59,4578,327
258,99,64,5028,326
259,180,56,4597,328
260,180,55,4738,328
261,180,59,4730,328
262,180,59,5036,328
263,123,59,5348,327
264,122,72,6021,327
265,96,72,3915,327
266,104,70,3743,327
267,135,70,4915,327
268,236,71,6265,328
269,236,69,5466,328
270,92,72,4429,327
271,236,70,6055,328
272,139,68,6873,326
273,141,71,7254,327
274,116,73,6083,326
275,131,73,6879,327
276,119,73,5620,326
277,190,60,5641,328
278,144,61,6409,326
279,137,67,6547,326
280,170,73,8583,327
281,165,74,8036,327
282,161,74,8000,328
283,158,75,7280,326
284,157,72,7117,326
285,154,70,6428,327
286,154,77,6551,326
287,169,77,8381,326
288,155,112,8045,326
289,125,96,6609,326
290,138,103,7654,326
291,140,135,8211,327
292,149,159,12342,327
293,141,128,8383,326
294,153,99,8046,327
295,160,110,8313,327
296,155,78,6998,327
297,155,121,7559,327
298,155,82,7455,327
299,159,124,7674,326
300,25,44,329,327
301,161,85,7309,327
302,159,87,7267,326
303,156,73,6747,327
304,155,95,8205,327
305,155,94,8067,327
306,148,91,8195,327
307,146,147,10429,327
308,147,133,10477,327
309,144,90,7371,327
310,155,88,7973,327
311,155,92,7971,327
